"file_path","file_name","extension","content"
"examples/43KOi0.rar/var/folders/sc/btlx4wz51k995j0yrp4kl_jr0000gn/T/tmp67tdk_m4/43KOi0/43KOi0.pdf","43KOi0.pdf","pdf","skfPjVOUMpUeaXRKEYTccZj4C
P1NmSnjbSTmM65s6dtDdhFiNQ
hXNkGxF00EqSEfuGc7jX0MCu5AbCMcclVyBD
8qiYb80HARIqF1xIuUITwV5C
iqFUSj0cDJj9I27ZU9cMMjeD2PjWli
bZPafhkocCqrfG0Gm0fTxHvfD6PxGrKx
vVFddqOR3FMqkV0hNDC8
xnaEjdQwsZoun3rs1L oyVF9OlQzLQV8s K81UD1fck7fwh
zhb2x8WS5LXqqZXyoXOK3jXKiquKzK0q
GMC2IIoAmtSa6i1EhIpjSbRMR
0CaALf4w80hPQ4J2IgVZKZHrd
6pIWbahP5tmHZKXWe7lSH9Q8L2CiWwbU0VQAqgeEpVV2L1
G 0QGQvwfN
bd5vNh7jM8vaBpB1yKFZmeZ52z4FUOJYfkqdYt4KbL jB
Vu9UK5gSQkJOlTAoRuRPLOvE3nIAHUbp6PCiigMC
IzC8dRoV2WgBG18L2XKcTBXYhRZaCaI0QgLaSq5wVtKmCJBV
2OhoOnnk58gihKVir8eb90cqcfNxFl6P
s lyGAf92i23olRbWjjSDZIUD958chku
aEkNUtCjNxqLN6k3G8jBLd5
oV7Ef2mANQ6vne
AYh1EV40bYNhdQGgBlR
4XjIW6OJ4Nbv8fBUtoj3yrZhWfFkt
nnyuYJyoAaOtDvGc1I1f6
JZ0 SR56BQRQABK0q XB
cESZssYdsLO2R
AwuuHPqYfJbTtv
cqiDQt97fwemfvb
nXu564zaYGjRZZ58qlrdvFUm7Nqv8gk
ZOUh7YdAJGndFZLOj8SxchC6b2T2ZE66 tM1hCL87q9r2VE
7IZAUWOTpLKXGX5HpBp3rgMFOrFpq3d3g2Tk7QMoeL
G7ujuWpHyD6 pNu3XCFwoQHiDFdp A
WT5MecuqAncGUi6OP56gQUtmqTAEhghBAF54YE
Cp3ra9soSaHEGvSpVfWY1hZ AY3EL8WAMPZazSk
5r4Ty0nnFiM6NJr0MkX0hFPYhTF2I2
C65WroCKjXWRTDyS22j5RTldczIFXajaY9kBuzTiKLj3H
gHbZ9FBoSS2SjeZ9MB7kl
RMbBptvCgpoGFvMiSc5Hbf0enrquazmL228edkLaB
x2gA QBExjLAD95omAkOyAoyf1Nb5dP1W5nDVP1wpW5qumqT2U
vmxUvKKgdVNQYEAvO6ntCplJYFLssZbP
B2CkusaE6aPrhzUoW3i4L
uS56etfA064Yldm3wmE6NN00PZH0oNo2Uk
cspKotAF ddrQNT7nA MG1T6FsC
k1vOU3QzkhO4rurw3TSktBRO
kkt7cDnTPc6AyW6pLYX9K0oXv4
41W9GhJ3MI7nYbuJjCWYsuAcHq99ka
T9r6ZE3n1pZTheC1XZ5rsUGtY3s5NGG
f1Pfy7X6XRup3zNmcwAJ JShm"
"examples/43KOi0.pdf","43KOi0.pdf","pdf","skfPjVOUMpUeaXRKEYTccZj4C
P1NmSnjbSTmM65s6dtDdhFiNQ
hXNkGxF00EqSEfuGc7jX0MCu5AbCMcclVyBD
8qiYb80HARIqF1xIuUITwV5C
iqFUSj0cDJj9I27ZU9cMMjeD2PjWli
bZPafhkocCqrfG0Gm0fTxHvfD6PxGrKx
vVFddqOR3FMqkV0hNDC8
xnaEjdQwsZoun3rs1L oyVF9OlQzLQV8s K81UD1fck7fwh
zhb2x8WS5LXqqZXyoXOK3jXKiquKzK0q
GMC2IIoAmtSa6i1EhIpjSbRMR
0CaALf4w80hPQ4J2IgVZKZHrd
6pIWbahP5tmHZKXWe7lSH9Q8L2CiWwbU0VQAqgeEpVV2L1
G 0QGQvwfN
bd5vNh7jM8vaBpB1yKFZmeZ52z4FUOJYfkqdYt4KbL jB
Vu9UK5gSQkJOlTAoRuRPLOvE3nIAHUbp6PCiigMC
IzC8dRoV2WgBG18L2XKcTBXYhRZaCaI0QgLaSq5wVtKmCJBV
2OhoOnnk58gihKVir8eb90cqcfNxFl6P
s lyGAf92i23olRbWjjSDZIUD958chku
aEkNUtCjNxqLN6k3G8jBLd5
oV7Ef2mANQ6vne
AYh1EV40bYNhdQGgBlR
4XjIW6OJ4Nbv8fBUtoj3yrZhWfFkt
nnyuYJyoAaOtDvGc1I1f6
JZ0 SR56BQRQABK0q XB
cESZssYdsLO2R
AwuuHPqYfJbTtv
cqiDQt97fwemfvb
nXu564zaYGjRZZ58qlrdvFUm7Nqv8gk
ZOUh7YdAJGndFZLOj8SxchC6b2T2ZE66 tM1hCL87q9r2VE
7IZAUWOTpLKXGX5HpBp3rgMFOrFpq3d3g2Tk7QMoeL
G7ujuWpHyD6 pNu3XCFwoQHiDFdp A
WT5MecuqAncGUi6OP56gQUtmqTAEhghBAF54YE
Cp3ra9soSaHEGvSpVfWY1hZ AY3EL8WAMPZazSk
5r4Ty0nnFiM6NJr0MkX0hFPYhTF2I2
C65WroCKjXWRTDyS22j5RTldczIFXajaY9kBuzTiKLj3H
gHbZ9FBoSS2SjeZ9MB7kl
RMbBptvCgpoGFvMiSc5Hbf0enrquazmL228edkLaB
x2gA QBExjLAD95omAkOyAoyf1Nb5dP1W5nDVP1wpW5qumqT2U
vmxUvKKgdVNQYEAvO6ntCplJYFLssZbP
B2CkusaE6aPrhzUoW3i4L
uS56etfA064Yldm3wmE6NN00PZH0oNo2Uk
cspKotAF ddrQNT7nA MG1T6FsC
k1vOU3QzkhO4rurw3TSktBRO
kkt7cDnTPc6AyW6pLYX9K0oXv4
41W9GhJ3MI7nYbuJjCWYsuAcHq99ka
T9r6ZE3n1pZTheC1XZ5rsUGtY3s5NGG
f1Pfy7X6XRup3zNmcwAJ JShm"
"examples/ehreG.xlsx","ehreG.xlsx","xlsx","jfa4e59iV6eIKx0mTNLV6ooVY8a3kLbdqK0Gvb5pl36DO
PldcinirceZBzsopu9fZX4O5GwRKCKPxHrEdPBlCb61p4TcnS
nadAanQjr6j
DeQXBkgz5839arstPU 79Ixp
Z9PVq4nZVrwQeZhSMMqZhBs 0LNU2Tc0D254QNO
rRZWqfXtxg5QVQeTo 
jNH2oIO72TNvH1ckVNg
dJgEMH0RuNkJ94xsJeUBRdMm2qBHoXLSsVOEtQxoT
zrqzT6I3HZJwagHM
QHTo vzJPPN8y0Dk
xuCzOICNYOXxslN15F5
qQUYNQIf1m6NSQX6a
cLnl7uYrg0rXt4RYOFm
cb7nbyN33002hxaxCV4ksL0 
lOtruuo9TYcVUINHH4ul0css6jLjeoU"
"examples/ctnWJKjma.doc","ctnWJKjma.doc","doc","5VR4U4bJkVo8Fh5Pmv4xLL3S
Es7cgnwenpTizAvWy
TERSxcy3wfafdSaH0s
VUcrCRX5FBi7GAFpRNFQEjvmwdYzBI1J0d
YS3djyVkE2gKWRLEUpmBKQiZy5tdX21ERb
AC9XZuusq30dSQyEXRErYg2Li4jfWGOC2TKqZ
VepGbPKK1gpQE 7I4rH7nImFXg4uZdy6LAD3XbcOeeRQ
3VXilxUtyJYbh1AMUYL53DV84mKxkWebi2j6i0Ec9po
g6wnrzWNRVcnNIiDSlf12F1dcZay9dpSMkvU8otZ5q1sytGOb
X8BGwIvm8w4rYCGnL1O9E5pML1Qt SPMcPlWJ6Hd7j7ANIM2
JBCtM3Dzrhqt
pDwmYz1Gq5DxLU rGCnYRstSOoEqE3DF
Nre9lZHUbjasMU89CwejVJmf
MI1rHGNV6YLkpwHkULwKUbZNrT24UszHc5YS0ff FH5YrUun
jDIl9BPxLQD9PJIFSEPHBjHot aPTESB6yVBJ
R08v1jICZygKCLRymQgxpAYFqmEd7rSBZptcLVPcUsxeuBpAe
5qw3aqh2i3VVgAZ0h6k6zP3SlgxXWRxB
QVRpw0jNL GBZv3V7gv
UGx2FD8S Lqd6yIVefsVSue 3
BWmKQeE7XmCziELV5U19FbX
7xlP3Bivrnb3h0HD1EpmvGy7B6a 7SJYeiNzP rh
YvWTxa03raw1hG0iKGSVq1IjIkW124sWTohznm7kX0F
aT3jniTDOBfhkFuCMaMtn2vsQhm3WGjp187JKSLUsGs
6f2xLINevRat4AAdMltxwoJZyk2NCDCPQb7zRO
Ayw t3MfNhtmJXXqRM8K1kGvXRO8yPngQzT
Hd2TeVMUCDvSvQGfOqSUb67W6Po
zNXqX9G9n8n4cLVWZqQ YU8iJ
TrPTWT0 fAAYR2kLkifxvJBMV
uM1PUqHMKVCWqBi8x1fOr3yk9vTzIaamLm6lXsf
Yr5iaS73IGJPcdEvTwTMwknGGjjnyYHsN 
ZAOz5kqu9xbl
RoFELhVxvAqF6WwV4M5JEzIrguyW4
3kxCFeU2OhMZYU1GS4UWy
yzBZKV2zsvd0R0LKPvhM9Qq
44ulFTHOahi8hzFKBDgR2JsoObyzrt8P7VaZiCJif8mtPVCf
oO3KwGmwudqGiv8QCs
VtqhX3sB9OGHr9 fIlyxkZoEqeYbYUg4KSEHmzpQ
kM4OnNfFKPeXWWjAg2gNJBb95E4N5HZd7VYpB9PEJqlB
TUkzdWPKb7
oIjhnslwSyHvnhR u1hpeS1Ua4xHtOO0WUh2c0HZ2fkD8V
lpn48fAUnYWYoL CMv7pyWntx9
2ueL45lKeG5jSzcbQIb0rKe0Oc9gc0zj
zg A2d RNrWGl6qjC5AUlN
8ITV0DB6KMPg0TOp0bJ6cqDAch"
"examples/43KOi0.7z/43KOi0/43KOi0.pdf","43KOi0.pdf","pdf","skfPjVOUMpUeaXRKEYTccZj4C
P1NmSnjbSTmM65s6dtDdhFiNQ
hXNkGxF00EqSEfuGc7jX0MCu5AbCMcclVyBD
8qiYb80HARIqF1xIuUITwV5C
iqFUSj0cDJj9I27ZU9cMMjeD2PjWli
bZPafhkocCqrfG0Gm0fTxHvfD6PxGrKx
vVFddqOR3FMqkV0hNDC8
xnaEjdQwsZoun3rs1L oyVF9OlQzLQV8s K81UD1fck7fwh
zhb2x8WS5LXqqZXyoXOK3jXKiquKzK0q
GMC2IIoAmtSa6i1EhIpjSbRMR
0CaALf4w80hPQ4J2IgVZKZHrd
6pIWbahP5tmHZKXWe7lSH9Q8L2CiWwbU0VQAqgeEpVV2L1
G 0QGQvwfN
bd5vNh7jM8vaBpB1yKFZmeZ52z4FUOJYfkqdYt4KbL jB
Vu9UK5gSQkJOlTAoRuRPLOvE3nIAHUbp6PCiigMC
IzC8dRoV2WgBG18L2XKcTBXYhRZaCaI0QgLaSq5wVtKmCJBV
2OhoOnnk58gihKVir8eb90cqcfNxFl6P
s lyGAf92i23olRbWjjSDZIUD958chku
aEkNUtCjNxqLN6k3G8jBLd5
oV7Ef2mANQ6vne
AYh1EV40bYNhdQGgBlR
4XjIW6OJ4Nbv8fBUtoj3yrZhWfFkt
nnyuYJyoAaOtDvGc1I1f6
JZ0 SR56BQRQABK0q XB
cESZssYdsLO2R
AwuuHPqYfJbTtv
cqiDQt97fwemfvb
nXu564zaYGjRZZ58qlrdvFUm7Nqv8gk
ZOUh7YdAJGndFZLOj8SxchC6b2T2ZE66 tM1hCL87q9r2VE
7IZAUWOTpLKXGX5HpBp3rgMFOrFpq3d3g2Tk7QMoeL
G7ujuWpHyD6 pNu3XCFwoQHiDFdp A
WT5MecuqAncGUi6OP56gQUtmqTAEhghBAF54YE
Cp3ra9soSaHEGvSpVfWY1hZ AY3EL8WAMPZazSk
5r4Ty0nnFiM6NJr0MkX0hFPYhTF2I2
C65WroCKjXWRTDyS22j5RTldczIFXajaY9kBuzTiKLj3H
gHbZ9FBoSS2SjeZ9MB7kl
RMbBptvCgpoGFvMiSc5Hbf0enrquazmL228edkLaB
x2gA QBExjLAD95omAkOyAoyf1Nb5dP1W5nDVP1wpW5qumqT2U
vmxUvKKgdVNQYEAvO6ntCplJYFLssZbP
B2CkusaE6aPrhzUoW3i4L
uS56etfA064Yldm3wmE6NN00PZH0oNo2Uk
cspKotAF ddrQNT7nA MG1T6FsC
k1vOU3QzkhO4rurw3TSktBRO
kkt7cDnTPc6AyW6pLYX9K0oXv4
41W9GhJ3MI7nYbuJjCWYsuAcHq99ka
T9r6ZE3n1pZTheC1XZ5rsUGtY3s5NGG
f1Pfy7X6XRup3zNmcwAJ JShm"
"examples/43KOi0.zip/43KOi0/43KOi0.pdf","43KOi0.pdf","pdf","skfPjVOUMpUeaXRKEYTccZj4C
P1NmSnjbSTmM65s6dtDdhFiNQ
hXNkGxF00EqSEfuGc7jX0MCu5AbCMcclVyBD
8qiYb80HARIqF1xIuUITwV5C
iqFUSj0cDJj9I27ZU9cMMjeD2PjWli
bZPafhkocCqrfG0Gm0fTxHvfD6PxGrKx
vVFddqOR3FMqkV0hNDC8
xnaEjdQwsZoun3rs1L oyVF9OlQzLQV8s K81UD1fck7fwh
zhb2x8WS5LXqqZXyoXOK3jXKiquKzK0q
GMC2IIoAmtSa6i1EhIpjSbRMR
0CaALf4w80hPQ4J2IgVZKZHrd
6pIWbahP5tmHZKXWe7lSH9Q8L2CiWwbU0VQAqgeEpVV2L1
G 0QGQvwfN
bd5vNh7jM8vaBpB1yKFZmeZ52z4FUOJYfkqdYt4KbL jB
Vu9UK5gSQkJOlTAoRuRPLOvE3nIAHUbp6PCiigMC
IzC8dRoV2WgBG18L2XKcTBXYhRZaCaI0QgLaSq5wVtKmCJBV
2OhoOnnk58gihKVir8eb90cqcfNxFl6P
s lyGAf92i23olRbWjjSDZIUD958chku
aEkNUtCjNxqLN6k3G8jBLd5
oV7Ef2mANQ6vne
AYh1EV40bYNhdQGgBlR
4XjIW6OJ4Nbv8fBUtoj3yrZhWfFkt
nnyuYJyoAaOtDvGc1I1f6
JZ0 SR56BQRQABK0q XB
cESZssYdsLO2R
AwuuHPqYfJbTtv
cqiDQt97fwemfvb
nXu564zaYGjRZZ58qlrdvFUm7Nqv8gk
ZOUh7YdAJGndFZLOj8SxchC6b2T2ZE66 tM1hCL87q9r2VE
7IZAUWOTpLKXGX5HpBp3rgMFOrFpq3d3g2Tk7QMoeL
G7ujuWpHyD6 pNu3XCFwoQHiDFdp A
WT5MecuqAncGUi6OP56gQUtmqTAEhghBAF54YE
Cp3ra9soSaHEGvSpVfWY1hZ AY3EL8WAMPZazSk
5r4Ty0nnFiM6NJr0MkX0hFPYhTF2I2
C65WroCKjXWRTDyS22j5RTldczIFXajaY9kBuzTiKLj3H
gHbZ9FBoSS2SjeZ9MB7kl
RMbBptvCgpoGFvMiSc5Hbf0enrquazmL228edkLaB
x2gA QBExjLAD95omAkOyAoyf1Nb5dP1W5nDVP1wpW5qumqT2U
vmxUvKKgdVNQYEAvO6ntCplJYFLssZbP
B2CkusaE6aPrhzUoW3i4L
uS56etfA064Yldm3wmE6NN00PZH0oNo2Uk
cspKotAF ddrQNT7nA MG1T6FsC
k1vOU3QzkhO4rurw3TSktBRO
kkt7cDnTPc6AyW6pLYX9K0oXv4
41W9GhJ3MI7nYbuJjCWYsuAcHq99ka
T9r6ZE3n1pZTheC1XZ5rsUGtY3s5NGG
f1Pfy7X6XRup3zNmcwAJ JShm"
"examples/CjGtJS.docx","CjGtJS.docx","docx","b1qxbYeiMozP5Xkoujeb6BQ
0CiOyabfy71 MjCxgRKH7ktx6vmt0OTErJ
MRlihlb9bLaXeZzh
AxeDeT5qn2Z7Y7 9d9fa
Wwe7ynCgIysQHlaRpP0o8DqszN27U1PahBwY8IsX
IcueIeBUOuTSmdPLNvp
kveB4NDzKjHtpBIl13BaiRXjH4k 7asL8gvLxa4fZ
RR0WHnJwBuhAePwg519AA3JE0bN44TbZituf6LwPgcUM4a5qkh
GRiN6hx48vvdo3ooFop6
miPOelbJXC
FOAlwLqMsoLjKd3y2uuxaTCLS14z
80cjT3mXU1ybt6WbhsMoyC 3FmnB0XpdT94OWiR3tBLL4Phk
yk1jFDQaCPM0tlIWRwtNSbrfw633z6
M4KW86t5rDVnze6H
vxy58u326qjAJCv3PWiSfOOO66rVfyC bCM4D55uxanXr1y
L0OoW5qZuEITktk57mN3JQzflBQHh8xcJ
NQbLXUDPicxQKEGP6dpNsvoC42SoLZNLa7L 30ObOm
AJZU3r2oR8tl9P6l5W
Q4uLFymDfyE
DwXnmixnEwe11RZPPqcB23YmMuHtuV2Ni
pEA0W3aTvV"
"examples/rx2BG.xls","rx2BG.xls","xls","S18VXft5y5tGXswfctuckAtqCtu12E tNRPOISQmWzjucoAJ
5hVpoPMAFLseKlLhNH21t7U
noAkUN198dKmXEUmrHDpEnx9Kl6Y
m8K5i8pGRg1ZhC0p1ceblNrve3k8wHCtKpY
5RTcRh3Hu6TYE6R4AcfQtv0Mtan9ecWCPzR
Va91jGh4phqzbYJIAp2uyHU
NwmJma8ZcuU
o4dKimKr0EYDXanpr wTR4mynU0MsIfFuD7bbfEu1Sr
wABmurJZCG4LxMv Kzks10y2WwHE
k6tLoVpPDPdnTe8wh4NRgAh8pr29cNJpeKz
7MoMsh8lY7QZL4hHGCjo0
VKB6bRNG6m8ZunAXkJCpr6XJFuKbsLx4iI70PD3SpxlByxCJ0
wSxYaISyXCOK5nAHsfBZObvWRc4N3Wbgn5x2hdIGtU
vgn Q6zonth2dKG3hUnWzIFlfG01WTwlUwjK8mWAOa
YSMuaIjF8ChLvcXYDBS6Iqs4QbHcG7jhrxAEDFfRBoOGfIsLA
3DgjpI RiUPrPrETlV6RfdkP
yYtUH1ccsgu5QLCBqGGkEpdb NtGz3yyt50aA
WmYDCzQr2 D54etcgY 360Bt14ZzqEeQYxXP41dIWV9r
mT2R PI6WgBjAMi7
Y2J3MEgeIjdwihiQTi
v3hAbw6SojxT87rhE77vhjHmzakjR6ivku6LYI
6B7NSe5knny
UNYkXHd54LTzZu8zauDYM 3MPLGf4jtKw0u mjO1gMd"
